typo,correct
prin,print
defn,def
improt,import
flase,False
ture,True
retrun,return
whiel,while
fro,for
els,else
clas,class
pritn,print
lenght,length
retrun,return
improt,import
defn,def
flase,false
ture,True
whiel,while
fro,for
els,else
clas,class
yiled,yield
lmabda,lambda
passss,pass
rais,raise
breka,break
contiue,continue
globl,global
asert,assert
excpet,except
finaly,finally
nonlocl,nonlocal
asynch,async
awaitt,await
delt,del
frmo,from
whith,with
iss,is
lambde,lambda
raneg,range
lsit,list
dikt,dict
sett,set
tupe,tuple
intt,int
strr,str
flot,float
boll,bool
inptu,input
sorrt,sort
soreted,sorted
reveresed,reversed
enumerrate,enumerate
zipp,zip
mapp,map
filtr,filter
prnt,print
prit,print
pirnt,print
